,index
20131231,1000.0
20140102,999.2328251989412
20140103,997.3270527574224
20140106,995.9160652501332
20140107,996.0215087097456
20140108,998.4290826362716
20140109,999.1306531302952
20140110,997.8216342708304
20140113,997.5826661750546
20140114,1000.6079933407408
20140115,1001.3211865981376
20140116,1002.6529582448968
20140117,1001.8081758301828
20140120,1002.2504983464058
20140121,1006.7346833515056
20140122,1011.2401750921985
20140123,1012.5688392293108
20140124,1015.054158361087
20140127,1018.2177704045698
20140128,1018.0265150486756
20140129,1018.0314408956018
20140130,1016.7714854249604
20140207,1021.0047476883072
20140210,1025.957706529669
20140211,1026.3493601359175
20140212,1027.7259164056022
20140213,1027.7040277236565
20140214,1029.235630485815
20140217,1030.746933086136
20140218,1028.9411928591203
20140219,1030.2289514288775
20140220,1030.114711130782
20140221,1029.7994199400662
20140224,1030.0560388856752
20140225,1029.842392790628
20140226,1031.7261462243591
20140227,1032.9139322287508
20140228,1033.8422851755504
20140303,1034.9324563861423
20140304,1031.9985210758396
20140305,1031.1135911059089
20140306,1030.3233664329098
20140307,1030.2637583688863
20140310,1027.8351260652505
20140311,1029.5097429091927
20140312,1030.1041147489727
20140313,1032.2333434052102
20140314,1031.900261311146
20140317,1033.5762895981911
20140318,1035.3029198589395
20140319,1034.5940644600828
20140320,1033.7580067232946
20140321,1036.952418644824
20140324,1038.440458353938
20140325,1039.524597246885
20140326,1040.955750455564
20140327,1041.2100358786556
20140328,1041.0034981935148
20140331,1040.89121894988
20140401,1043.8260584464906
20140402,1044.8457983036824
20140403,1044.086315196286
20140404,1045.229426454134
20140408,1047.2070041761149
20140409,1047.324831317396
20140410,1045.762028375398
20140411,1045.451979741538
20140414,1046.0655480444002
20140415,1045.858607964091
20140416,1046.5087414856796
20140417,1048.8705435914328
20140418,1049.8936555266794
20140421,1048.9128265783431
20140422,1049.4183374927102
20140423,1049.035162049914
20140424,1048.4691733421855
20140425,1047.7845664725671
20140428,1049.0423675238353
20140429,1050.541379910134
20140430,1051.4533917674528
20140505,1052.3098187224607
20140506,1051.914415340053
20140507,1052.236199860778
20140508,1053.8313571851768
20140509,1055.5611186688836
20140512,1058.364708939553
20140513,1058.4528069931448
20140514,1058.437693292963
20140515,1059.1406839814324
20140516,1056.3777538171992
20140519,1056.069131531146
20140520,1057.2799651682938
20140521,1059.628970399574
20140522,1062.00991894164
20140523,1063.768938820358
20140526,1065.789594085713
20140527,1063.580490275601
20140528,1066.213196586012
20140529,1067.6225852584414
20140530,1068.5861756752674
20140603,1071.671081883712
20140604,1073.2154557216331
20140605,1073.7621955015154
20140606,1073.1328985490418
20140609,1075.4466446733634
20140610,1078.4849062175808
20140611,1079.4393271917434
20140612,1080.287611699539
20140613,1081.991232566638
20140616,1084.4305414989233
20140617,1082.4149886344064
20140618,1081.609289978663
20140619,1079.0790038578089
20140620,1080.716748104582
20140623,1081.278907573178
20140624,1081.3015413827368
20140625,1080.900239651414
20140626,1082.065382336825
20140627,1083.8310283834055
20140630,1085.6682748448984
20140701,1084.3805104935852
20140702,1084.1692658468503
20140703,1082.9296837510697
20140704,1080.9714338329752
20140707,1081.484547888398
20140708,1081.7615540800082
20140709,1078.10657860402
20140710,1078.559506823643
20140711,1079.3222569863888
20140714,1081.014230483913
20140715,1080.6717441523165
20140716,1080.2216363753507
20140717,1076.441611358694
20140718,1072.120481674472
20140721,1072.49751034136
20140722,1075.572547674724
20140723,1075.0576121704762
20140724,1078.2260738336695
20140725,1079.496469037861
20140728,1085.5758284921276
20140729,1087.41585599182
20140730,1086.1549897710588
20140731,1086.481945971475
20140801,1085.4130754521784
20140804,1089.7235737296933
20140805,1088.9843408893728
20140806,1088.7990137571644
20140807,1087.419339238385
20140808,1087.587693674665
20140811,1089.622864454618
20140812,1088.1754934230862
20140813,1087.698945593978
20140814,1087.1468125740953
20140815,1089.814852921952
20140818,1090.8078748737184
20140819,1090.7428092006512
20140820,1089.5333456844598
20140821,1090.078731528453
20140822,1090.900860274842
20140825,1089.831212664369
20140826,1088.7338665031973
20140827,1089.3410272385863
20140828,1088.8052555455397
20140829,1089.6818847965662
20140901,1090.9811466969925
20140902,1093.7117782775213
20140903,1093.7912859744506
20140904,1094.2059673353865
20140905,1094.462878841049
20140909,1094.0865138460656
20140910,1092.4869085242335
20140911,1091.0180748171456
20140912,1092.4393886219773
20140915,1093.5637740505672
20140916,1091.2664026498314
20140917,1094.047730917325
20140918,1093.7260795821617
20140919,1095.5193633247684
20140922,1091.0294909295314
20140923,1092.9629723504074
20140924,1096.362454470416
20140925,1095.72378704456
20140926,1095.3055434643882
20140929,1097.1216830004948
20140930,1098.030579234589
20141008,1100.1499971818237
20141009,1101.7319840912637
20141010,1098.4594667653
20141013,1100.3182965866838
20141014,1104.1004877095918
20141015,1107.8293424183366
20141016,1109.8721635724153
20141017,1109.7619772946855
20141020,1116.7733992695155
20141021,1119.277928908812
20141022,1119.328362393019
20141023,1118.4887382343395
20141024,1120.4837813404674
20141027,1119.913944434266
20141028,1124.5154805209002
20141029,1128.4271226455592
20141030,1130.4741374311373
20141031,1132.380223085984
20141103,1132.2465000564266
20141104,1132.8372399560835
20141105,1133.9191720557171
20141106,1135.89898075117
20141107,1138.3436920962731
20141110,1143.8583800296235
20141111,1141.7683232274671
20141112,1143.7622941130128
20141113,1142.327396718216
20141114,1135.908983320544
20141117,1134.0136935333069
20141118,1133.941232167237
20141119,1132.7712627235803
20141120,1131.7504820238532
20141121,1135.0394330660722
20141124,1143.7159729740515
20141125,1144.792128769879
20141126,1146.3406566843148
20141127,1148.466408963929
20141128,1149.0341403210386
20141201,1147.6180696338115
20141202,1152.0434454328858
20141203,1150.5573276640598
20141204,1153.53538582978
20141205,1149.8767164293934
20141208,1155.5818821917069
20141209,1145.6437910101436
20141210,1154.6481583767725
20141211,1151.8940353780845
20141212,1153.6178246913564
20141215,1154.6788766951015
20141216,1156.0843944921685
20141217,1158.084644261677
20141218,1158.9532961221023
20141219,1159.800426938344
20141222,1158.2990132961102
20141223,1156.8681343005032
20141224,1156.049118605798
20141225,1157.9161493921174
20141226,1160.7823937664316
20141229,1161.3446845352205
20141230,1161.1464055027045
20141231,1163.4775764879962
20150105,1164.3712195939474
20150106,1164.8826744683493
20150107,1164.7978642042297
20150108,1163.0721472527505
20150109,1160.714612786035
20150112,1158.589570067178
20150113,1158.945550652273
20150114,1159.4120216743145
20150115,1164.4888529058228
20150116,1166.578209267443
20150119,1159.8361404946909
20150120,1160.9005193169278
20150121,1166.732970407165
20150122,1168.0454006259663
20150123,1167.0476784217522
20150126,1168.0103983885758
20150127,1167.141393437518
20150128,1165.7322268363887
20150129,1164.138278398179
20150130,1162.4887606798334
20150202,1162.353962901857
20150203,1166.9370740371246
20150204,1166.7839562731072
20150205,1166.3602697580627
20150206,1166.3963248879488
20150209,1167.6089190771324
20150210,1169.778072967474
20150211,1172.835138622337
20150212,1174.7490942760976
20150213,1179.4125894391984
20150216,1181.5886569680797
20150217,1183.3469747820868
20150225,1183.3048051905723
20150226,1185.769971865971
20150227,1186.4053201642257
20150302,1188.3898353793654
20150303,1184.397896432788
20150304,1184.936639328491
20150305,1181.1193950906345
20150306,1180.1422818310195
20150309,1180.879978541157
20150310,1181.128697134227
20150311,1183.1024403155632
20150312,1187.8193904902173
20150313,1185.6571110487664
20150316,1185.759042992804
20150317,1188.0278875024867
20150318,1186.713513491237
20150319,1187.081989209981
20150320,1189.5558868573669
20150323,1193.8070808684754
20150324,1195.1117502931922
20150325,1194.117259186097
20150326,1191.846715048515
20150327,1192.503292826373
20150330,1193.232052049039
20150331,1190.391367356157
20150401,1195.893286899576
20150402,1197.704881128027
20150403,1195.3405268669924
20150407,1196.786318273474
20150408,1193.469404127094
20150409,1191.1515085694882
20150410,1192.9186401745742
20150413,1198.0612587188025
20150414,1197.9743537509178
20150415,1198.0319220218605
20150416,1202.136964447202
20150417,1205.103101093345
20150420,1208.750725859747
20150421,1212.6275419881076
20150422,1214.3731492274724
20150423,1213.667676364715
20150424,1213.373411971979
20150427,1220.4906512269956
20150428,1217.8860553153645
20150429,1218.732897376977
20150430,1221.5517572207589
20150504,1219.9041308767426
20150505,1216.850116001047
20150506,1213.7324151816968
20150507,1211.629613381137
20150508,1213.362016580904
20150511,1216.37826645485
20150512,1216.3331024613208
20150513,1220.2217691289527
20150514,1225.978159271532
20150515,1228.3049291983014
20150518,1228.5599395527045
20150519,1227.713627859515
20150520,1226.2752381089736
20150521,1229.38843648357
20150522,1231.159363418314
20150525,1234.7037266920456
20150526,1234.287517374373
20150527,1234.3059298002825
20150528,1229.1859585691093
20150529,1228.3285767316058
20150601,1231.7024498179244
20150602,1235.2025876476048
20150603,1235.9204025771462
20150604,1234.1408474030447
20150605,1236.4371072860752
20150608,1238.4676670588713
20150609,1236.754036606049
20150610,1240.3986744162355
20150611,1238.232135704419
20150612,1235.8000260427916
20150615,1236.2124316822317
20150616,1233.9469541170631
20150617,1233.9138344607047
20150618,1232.798177230771
20150619,1229.412567660769
20150623,1229.8127151055728
20150624,1232.9357223257357
20150625,1230.2537146107816
20150626,1228.0333172011187
20150629,1226.4699726183137
20150630,1225.932805267504
20150701,1227.623335682432
20150702,1228.704896794245
20150703,1229.060488008345
20150706,1226.8058274183663
20150707,1227.3519336970862
20150708,1223.6208304304962
20150709,1226.739933980905
20150710,1226.7495482352704
20150713,1226.936631314342
20150714,1225.757185127232
20150715,1227.0314564660646
20150716,1227.448458352613
20150717,1227.1994176882265
20150720,1226.874696911155
20150721,1226.8761263936694
20150722,1227.1535429656196
20150723,1226.1162562256966
20150724,1224.4358223066115
20150727,1224.105904625735
20150728,1225.0385112202068
20150729,1227.2431386702533
20150730,1226.5025332053406
20150731,1225.3158618149944
20150803,1224.797318374012
20150804,1224.7538566510184
20150805,1226.0030954730846
20150806,1226.398504456143
20150807,1227.3276942510586
20150810,1228.1273038318905
20150811,1227.264240290123
20150812,1228.4700254658471
20150813,1228.092364943793
20150814,1228.19060935411
20150817,1225.6923069087088
20150818,1224.975286833189
20150819,1223.8722636570606
20150820,1223.5798459604175
20150821,1224.3781125010212
20150824,1222.9094807603062
20150825,1224.2592520602325
20150826,1225.641122958003
20150827,1229.5431785696253
20150828,1230.0582145444594
20150831,1231.7160475894957
20150901,1232.8184238783283
20150902,1231.1961890072084
20150907,1228.9835075766046
20150908,1228.191449434033
20150909,1229.8701846962042
20150910,1231.1383459057922
20150911,1230.4045531359795
20150914,1230.6060823629564
20150915,1231.273329774048
20150916,1231.642096345642
20150917,1230.0294234646326
20150918,1229.539862938802
20150921,1229.178680589573
20150922,1227.5499140090994
20150923,1227.1308107464426
20150924,1227.2896214673394
20150925,1227.7956045987776
20150928,1227.6905314168685
20150929,1227.0520988854703
20150930,1229.132528859557
20151008,1231.5816478998015
20151009,1237.929557293178
20151012,1241.1595681628994
20151013,1241.485414946088
20151014,1241.2822904130835
20151015,1242.188799354654
20151016,1238.9494191543934
20151019,1237.8197278133082
20151020,1242.3497783782705
20151021,1240.2201233551318
20151022,1242.4624685363888
20151023,1242.5535293920111
20151026,1241.6297253058324
20151027,1244.6753431784746
20151028,1242.1782278390906
20151029,1239.4474647986387
20151030,1238.941436193119
20151102,1238.3367209019505
20151103,1236.3027563265812
20151104,1237.7695324475492
20151105,1238.0272381923048
20151106,1237.3421052588164
20151109,1233.3672265470443
20151110,1234.0219933034384
20151111,1235.230432086402
20151112,1234.8348664173193
20151113,1232.8801101890274
20151116,1233.7194820607267
20151117,1233.0222365796706
20151118,1230.619107202854
20151119,1231.5039359134146
20151120,1233.4504608092368
20151123,1232.177239695562
20151124,1236.6420955516762
20151125,1238.5187860682518
20151126,1240.8480632469211
20151127,1237.3955173566642
20151130,1237.9383917804394
20151201,1238.7580803980322
20151202,1240.3582080854503
20151203,1240.5366723472623
20151204,1239.5879808746515
20151207,1241.956605093579
20151208,1239.2048890364142
20151209,1239.9622725330696
20151210,1239.9174819453194
20151211,1242.7541500289374
20151214,1242.3634813520284
20151215,1242.900668738626
20151216,1243.5788934057346
20151217,1243.4505136261732
20151218,1247.395055457502
20151221,1251.3198794316102
20151222,1251.4838999669785
20151223,1251.8366184183462
20151224,1252.351160794011
20151225,1252.2856596227305
20151228,1250.6772195880303
20151229,1251.3952060751235
20151230,1251.8819685484557
20151231,1251.524992636812
20160104,1247.7917250350245
20160105,1245.6137620591126
20160106,1246.9773573379728
20160107,1245.236565601469
20160108,1247.1374233952454
20160111,1244.989032942084
20160112,1246.3081881833668
20160113,1247.0835276286723
20160114,1245.2553552161237
20160115,1246.0543660596995
20160118,1245.96451255054
20160119,1247.2068889914606
20160120,1246.3037206097808
20160121,1246.5834857283885
20160122,1247.365848087315
20160125,1244.3950970457677
20160126,1245.5858230188542
20160127,1245.499327621359
20160128,1246.035340705219
20160129,1246.988296874228
20160201,1246.5923588499645
20160202,1245.4869805214855
20160203,1245.454158411237
20160204,1247.4484260421475
20160205,1248.6331986921589
20160215,1250.1724259422929
20160216,1248.1464754855522
20160217,1246.8423801644567
20160218,1247.947717590702
20160219,1249.3102367849533
20160222,1249.146266217995
20160223,1248.2898293778433
20160224,1247.3504479956478
20160225,1246.727999051565
20160226,1246.2388155292142
20160229,1245.6149975564351
20160301,1247.9754077370178
20160302,1250.4113360566375
20160303,1249.623795299378
20160304,1253.3703681003285
20160307,1251.909011962023
20160308,1251.790036507802
20160309,1253.11584922352
20160310,1252.3978396756115
20160311,1254.6882532571774
20160314,1255.0433426561715
20160315,1254.1458694044543
20160316,1257.0243477540555
20160317,1259.0658637030149
20160318,1261.5122459620748
20160321,1261.0162665679784
20160322,1261.5804951253065
20160323,1261.5057532331734
20160324,1260.9525402133236
20160325,1262.4394904978478
20160328,1259.8743537359492
20160329,1260.3537654738752
20160330,1262.8774424410915
20160331,1261.975896174505
20160401,1263.7805231756593
20160405,1262.4875085781964
20160406,1261.2081137083694
20160407,1259.6748236361643
20160408,1259.779193780576
20160411,1262.3349372600728
20160412,1262.5011143180911
20160413,1263.636409281502
20160414,1261.7381139322545
20160415,1262.8536730771957
20160418,1263.4330144976484
20160419,1266.0133072260398
20160420,1264.403809537483
20160421,1269.8156483364644
20160422,1267.295759787261
20160425,1266.432866516654
20160426,1266.753356690475
20160427,1264.928869445566
20160428,1265.0126329123502
20160429,1265.2966864883342
20160503,1265.8569670618892
20160504,1264.5618380428652
20160505,1263.110098474709
20160506,1260.5907889107823
20160509,1258.2514238306298
20160510,1257.8220433527488
20160511,1258.5528380881574
20160512,1258.9390521954924
20160513,1257.428336428963
20160516,1256.194719075037
20160517,1257.115834128227
20160518,1253.44794840985
20160519,1252.7826556288835
20160520,1255.3783323696596
20160523,1253.2149963670763
20160524,1254.13946590903
20160525,1253.024342610932
20160526,1253.0340551669744
20160527,1252.9333821074963
20160530,1252.2114176574617
20160531,1256.7352925629923
20160601,1256.148598667803
20160602,1254.8391316136424
20160603,1257.1157052628594
20160606,1259.819046486488
20160607,1259.6291188563944
20160608,1259.606276342697
20160613,1262.989001070801
20160614,1262.2807495434113
20160615,1266.082556320765
20160616,1266.6410116321783
20160617,1268.676864417601
20160620,1270.5865545447955
20160621,1270.3159879424036
20160622,1273.0157317853534
20160623,1271.0995211246332
20160624,1272.5647086869894
20160627,1279.786340876481
20160628,1281.0059413181775
20160629,1278.242355391286
20160630,1281.72072454423
20160701,1285.5737138060874
20160704,1288.1554616635306
20160705,1286.274012523275
20160706,1285.067054547093
20160707,1284.6813421603758
20160708,1281.2289248903078
20160711,1281.1535425003942
20160712,1282.753753854137
20160713,1282.6077920334656
20160714,1283.1993519964506
20160715,1283.5404336711515
20160718,1281.2483736783213
20160719,1281.320333571986
20160720,1282.5737631987215
20160721,1283.9499397414968
20160722,1282.683578055879
20160725,1280.5021178842876
20160726,1283.1281294134792
20160727,1279.889198245174
20160728,1284.5519154661754
20160729,1282.8568363305667
20160801,1283.3651251948957
20160802,1283.6354087494233
20160803,1284.685744948318
20160804,1284.4876150501275
20160805,1288.5311748292584
20160808,1288.60959898462
20160809,1289.9159518376673
20160810,1290.049026974889
20160811,1290.8178301892283
20160812,1293.7816523003469
20160815,1298.329638527126
20160816,1297.6652857234471
20160817,1295.873265407018
20160818,1296.43032558683
20160819,1294.3013578954774
20160822,1294.3096754050173
20160823,1292.1896492132291
20160824,1291.1735109416843
20160825,1290.0946109749582
20160826,1293.2524405652744
20160829,1290.462453061812
20160830,1287.1999950925392
20160831,1288.5578986906116
20160901,1289.129384904137
20160902,1289.0279152106718
20160905,1289.1145060285428
20160906,1289.544647504746
20160907,1288.4875675905046
20160908,1290.1461018521009
20160909,1292.0490448474914
20160912,1283.3612690061163
20160913,1286.3378904439192
20160914,1283.9230877791802
20160919,1285.8609136942669
20160920,1288.4883443137162
20160921,1289.1599791355238
20160922,1289.5647092952083
20160923,1290.3487822930188
20160926,1289.8262141292475
20160927,1290.3440087613408
20160928,1289.906493837812
20160929,1290.6677580163685
20160930,1291.1131056960935
20161010,1296.5205424715066
20161011,1296.622837479457
20161012,1294.1759745331942
20161013,1294.5315481666432
20161014,1295.8607324397738
20161017,1296.332641768869
20161018,1300.082275358674
20161019,1300.9454111792584
20161020,1303.3220532317453
20161021,1304.313299054461
20161024,1305.5372771120974
20161025,1306.3973647175014
20161026,1303.9618892056164
20161027,1305.6173517231612
20161028,1308.5220261561735
20161031,1307.71635739866
20161101,1310.3279257827476
20161102,1307.0329379381662
20161103,1311.177987474127
20161104,1309.8497602778716
20161107,1307.8064478054944
20161108,1308.7289340959778
20161109,1307.5687415075597
20161110,1308.9932745772403
20161111,1309.3038711616489
20161114,1305.0684071918197
20161115,1303.5683118301336
20161116,1303.7244126641
20161117,1300.7899591777636
20161118,1298.90757630617
20161121,1302.6807887321395
20161122,1305.4057465082317
20161123,1308.3196401512018
20161124,1309.3642003028565
20161125,1310.4754602575554
20161128,1315.5225855769145
20161129,1307.5608553460124
20161130,1302.025749162788
20161201,1298.256336773508
20161202,1296.7028873878337
20161205,1294.2826697906196
20161206,1289.7867817734957
20161207,1293.6592255833198
20161208,1293.2276882681608
20161209,1294.0950550603989
20161212,1283.837488023026
20161213,1280.8713414176127
20161214,1275.7049516869577
20161215,1262.7342610271564
20161216,1269.8483660933944
20161219,1260.1185143923333
20161220,1259.5393616113936
20161221,1267.9559596029137
20161222,1269.328363095484
20161223,1267.8613974040725
20161226,1267.1319291169077
20161227,1266.4773323092438
20161228,1267.4252400253276
20161229,1270.799030867449
20161230,1269.7374512967183
20170103,1270.105531010101
20170104,1270.5671627078875
20170105,1271.0532993060465
20170106,1270.0230256807215
20170109,1275.9050241363143
20170110,1278.1162746793057
20170111,1275.9610615942368
20170112,1276.173402387083
20170113,1275.7966724505927
20170116,1273.492022054532
20170117,1272.6098803681753
20170118,1273.908628525231
20170119,1274.1751745482711
20170120,1275.542829343449
20170123,1275.834975296106
20170124,1276.2517763210033
20170125,1274.640137747904
20170126,1275.6433261473817
20170203,1271.1627629534569
20170206,1271.3409327973066
20170207,1272.147752016885
20170208,1274.3584195797707
20170209,1277.29628474597
20170210,1279.3800335091366
20170213,1282.9687549127657
20170214,1281.0178606452114
20170215,1280.0175207188693
20170216,1282.151038581253
20170217,1282.0388339898957
20170220,1286.2246265355998
20170221,1285.8633678881051
20170222,1287.0036937476525
20170223,1285.8540802550165
20170224,1286.5271449031454
20170227,1285.3005482221015
20170228,1285.2465737065218
20170301,1284.993216229669
20170302,1283.9731313881916
20170303,1282.897485768647
20170306,1282.6244391901637
20170307,1283.5928076202422
20170308,1280.2608617329563
20170309,1276.9569788000313
20170310,1277.4348475412671
20170313,1284.4264389915384
20170314,1284.4520789888852
20170315,1285.5485780507372
20170316,1289.8949247231783
20170317,1288.1833031001315
20170320,1288.5490440598594
20170321,1288.221294302245
20170322,1286.9547719821962
20170323,1287.6269055980083
20170324,1292.069463832915
20170327,1290.4025894466963
20170328,1288.9025525189263
20170329,1290.6652693498252
20170330,1287.7645779250377
20170331,1288.697819179445
20170405,1291.1352588146565
20170406,1291.3907160154165
20170407,1290.8537156237462
20170410,1289.6735081018996
20170411,1288.9133073854491
20170412,1287.248797254999
20170413,1288.25323400681
20170414,1284.2827823940838
20170417,1281.183568456274
20170418,1279.4875949262787
20170419,1277.0905851061052
20170420,1279.2138257145568
20170421,1278.2542618383677
20170424,1273.7297727223709
20170425,1275.95168554116
20170426,1276.8080847644082
20170427,1279.0119643871442
20170428,1279.1054776378264
20170502,1278.388572071137
20170503,1276.5725631861635
20170504,1271.756889611056
20170505,1269.0781067552025
20170508,1267.601499094937
20170509,1267.7040209860536
20170510,1265.0553324696016
20170511,1267.451855824926
20170512,1266.5290664722206
20170515,1270.1051518695629
20170516,1271.085488459101
20170517,1272.5851115673138
20170518,1272.083695528817
20170519,1272.396463824095
20170522,1272.5913175274495
20170523,1273.4179229131892
20170524,1274.0386950095085
20170525,1278.841621569654
20170526,1278.7840799207715
20170531,1278.562610977817
20170601,1278.2733638860543
20170602,1277.9620218751616
20170605,1276.341271087793
20170606,1275.561577001905
20170607,1278.709198639062
20170608,1280.1515146449467
20170609,1282.0418538656606
20170612,1284.412756542305
20170613,1284.729543423826
20170614,1283.6867888254455
20170615,1284.26990336546
20170616,1284.1266003653952
20170619,1289.241305961603
20170620,1291.0033190972842
20170621,1292.338394685556
20170622,1292.766498330183
20170623,1292.8125808569937
20170626,1298.6577377460158
20170627,1301.4450918636142
20170628,1300.7704245803657
20170629,1303.6026388763132
20170630,1305.7634254706074
20170703,1306.491647158619
20170704,1302.6468755797491
20170705,1306.6520433620633
20170706,1309.2604899987464
20170707,1309.5836699370448
20170710,1310.999175728171
20170711,1313.9013414155154
20170712,1312.3314102438558
20170713,1316.7739644150108
20170714,1316.3992451231609
20170717,1316.49032464199
20170718,1313.8420185395344
20170719,1319.8175850032196
20170720,1319.7703134277906
20170721,1319.683686627999
20170724,1321.8095244049755
20170725,1321.1923885225076
20170726,1319.2562587855264
20170727,1321.1555866050169
20170728,1321.058040949815
20170731,1325.7541982671944
20170801,1325.002913558088
20170802,1326.6464771998717
20170803,1326.4312457184435
20170804,1326.6215769228484
20170807,1328.798650037261
20170808,1329.2161780475558
20170809,1330.9958536830443
20170810,1330.0900634259422
20170811,1325.1960374606629
20170814,1328.5499079471
20170815,1328.7347495543245
20170816,1328.68265836288
20170817,1332.2578935220631
20170818,1334.8282593489105
20170821,1336.6362022642652
20170822,1337.0478025815312
20170823,1335.7596605476865
20170824,1335.2613273517145
20170825,1339.729561547797
20170828,1341.975154483814
20170829,1340.9170246480503
20170830,1341.4196047480038
20170831,1341.841082855923
20170901,1344.879343178682
20170904,1344.969337472666
20170905,1347.2622083088092
20170906,1344.7463807988393
20170907,1342.9366912715427
20170908,1343.6765314364916
20170911,1346.9314217826857
20170912,1347.7242526797734
20170913,1346.6197744986962
20170914,1345.00684326812
20170915,1344.9205202130522
20170918,1347.338638300458
20170919,1346.0357220979422
20170920,1347.0558837914737
20170921,1344.2831342004035
20170922,1341.6739002813858
20170925,1343.8879013558565
20170926,1344.96799559043
20170927,1346.780908899972
20170928,1345.674052383943
20170929,1349.6251721441784
20171009,1354.6860562824654
20171010,1351.840669065363
20171011,1352.4117523868877
20171012,1354.0014021988602
20171013,1356.352398837919
20171016,1356.3974459664948
20171017,1352.0087620223003
20171018,1350.5730108034152
20171019,1349.6412569668
20171020,1353.0453912856854
20171023,1353.260899794018
20171024,1354.6098790048147
20171025,1354.6395196809906
20171026,1355.7731687477324
20171027,1353.8471275800637
20171030,1349.7784168457456
20171031,1350.70191772255
20171101,1350.6265097660246
20171102,1350.1912288423523
20171103,1347.598097428537
20171106,1352.003791473158
20171107,1353.031219896463
20171108,1352.644883474573
20171109,1354.3437898938726
20171110,1356.126815884129
20171113,1358.2617264150758
20171114,1355.4753822958808
20171115,1353.554958222112
20171116,1356.9024492536616
20171117,1356.3658540724284
20171120,1358.839439079501
20171121,1362.2034032449833
20171122,1362.7704844640698
20171123,1357.143607146442
20171124,1357.1811357177269
20171127,1354.1002772403965
20171128,1354.442211527099
20171129,1356.0246893341882
20171130,1355.0035215164253
20171201,1356.0427273932305
20171204,1360.7372740124752
20171205,1360.9051401833058
20171206,1358.365771741804
20171207,1355.8430543883965
20171208,1359.046454793723
20171211,1360.404825320876
20171212,1358.86650457757
20171213,1359.401085583396
20171214,1358.8064647234896
20171215,1359.397139908842
20171218,1361.6010702772649
20171219,1363.4326442574916
20171220,1363.4781518795537
20171221,1365.0097108406785
20171222,1366.343904274277
20171225,1363.7858848220303
20171226,1366.0773227921595
20171227,1362.1847910218205
20171228,1364.544810822002
20171229,1365.2599415843974
20180102,1371.1505827278738
20180103,1372.199204357231
20180104,1372.783799734316
20180105,1374.9413600374112
20180108,1377.8670571787568
20180109,1381.079369648333
20180110,1381.684729608792
20180111,1380.9813060961349
20180112,1380.7830862314192
20180115,1380.9596134359792
20180116,1380.322366414868
20180117,1381.5726235159734
20180118,1382.9449619921809
20180119,1385.0195573940969
20180122,1387.848278039708
20180123,1390.8579822543606
20180124,1391.949773824783
20180125,1393.3220402207091
20180126,1394.9637383449897
20180129,1393.9328547083965
20180130,1392.5462809601606
20180131,1391.2718672052788
20180201,1390.8360064427725
20180202,1392.8843693808783
20180205,1393.1497938610703
20180206,1387.5666936926402
20180207,1383.8246861278951
20180208,1380.3277774812552
20180209,1370.4885616189736
20180212,1375.6245509613398
20180213,1377.340658675338
20180214,1379.4388982902794
20180222,1382.183109798436
20180223,1383.867763360782
20180226,1386.946450240924
20180227,1388.8234491343162
20180228,1390.7058540081143
20180301,1392.7811880343268
20180302,1393.9423818705932
20180305,1390.9419874478776
20180306,1389.791280107563
20180307,1389.2542191080515
20180308,1388.697407949869
20180309,1387.4654523695715
20180312,1389.481040896051
20180313,1390.0155198033824
20180314,1390.4217017526091
20180315,1390.0262567583643
20180316,1389.3228730065064
20180319,1389.6435468799918
20180320,1390.688138135263
20180321,1388.9958585452262
20180322,1389.7917636086484
20180323,1381.40850969373
20180326,1384.0966187293316
20180327,1386.32702111271
20180328,1384.563615795282
20180329,1386.6635903995077
20180330,1388.446684977102
20180402,1389.3177794406174
20180403,1388.7418114940608
20180404,1387.765193950578
20180409,1392.057981045557
20180410,1394.3011532783578
20180411,1396.1232611883902
20180412,1394.5430594940933
20180413,1396.2962981453693
20180416,1396.943407349655
20180417,1401.069869170561
20180418,1410.7509470904083
20180419,1416.476189719995
20180420,1413.829702323333
20180423,1415.1062499662569
20180424,1416.468006691089
20180425,1416.4489023911483
20180426,1414.1370676323625
20180427,1415.3068981557494
20180502,1417.3438479905324
20180503,1417.9849205170017
20180504,1416.1740034331397
20180507,1419.3917137813055
20180508,1420.1871837005808
20180509,1416.8927618484431
20180510,1418.8112672966452
20180511,1419.7982885152792
20180514,1419.1026295749932
20180515,1418.975193849294
20180516,1418.6787840412635
20180517,1416.280303025917
20180518,1416.908699478592
20180521,1418.9851845845242
20180522,1419.1714530096297
20180523,1418.201304540787
20180524,1417.6353584772662
20180525,1419.858310678873
20180528,1420.3358014623602
20180529,1421.401554798675
20180530,1419.6671287315746
20180531,1420.976187152988
20180601,1419.580759509132
20180604,1418.2454609376232
20180605,1419.5351160188795
20180606,1420.2242066772928
20180607,1419.436720910769
20180608,1418.858834253159
20180611,1419.550884248377
20180612,1419.8700550371016
20180613,1419.6448622719795
20180614,1423.5262590363886
20180615,1423.3006486202064
20180619,1417.5120026320035
20180620,1416.4770419217011
20180621,1416.9840032584991
20180622,1419.2376062307935
20180625,1416.5002784797855
20180626,1414.462681561287
20180627,1416.793503884811
20180628,1418.3133641062657
20180629,1425.770959703554
20180702,1422.4565475221843
20180703,1421.9536435301068
20180704,1420.480396162514
20180705,1420.320767767587
20180706,1418.2562780752648
20180709,1419.2828783234092
20180710,1419.1373374392167
20180711,1419.989519157004
20180712,1421.5191557193775
20180713,1421.9977576628655
20180716,1423.7368264071058
20180717,1423.671207529295
20180718,1423.4408667186815
20180719,1423.7240251133608
20180720,1426.4139653099005
20180723,1427.7466344456382
20180724,1429.9119711847557
20180725,1431.7129553970494
20180726,1431.9291542189317
20180727,1434.7364758824808
20180730,1437.1771897496226
20180731,1440.2315359922322
20180801,1438.3235059409535
20180802,1436.1249726163976
20180803,1439.243386076015
20180806,1439.5461702621517
20180807,1444.1446344426165
20180808,1440.988820935007
20180809,1439.9628190463366
20180810,1439.1659582693835
20180813,1439.290448886591
20180814,1440.5049030264024
20180815,1436.5331758983857
20180816,1435.9960886817842
20180817,1433.5365393237755
20180820,1440.6451749597047
20180821,1441.922014656653
20180822,1442.3966777360952
20180823,1441.9447889798414
20180824,1441.7424715696393
20180827,1442.7632451528077
20180828,1449.0817770128876
20180829,1446.934716954552
20180830,1447.0615155060088
20180831,1446.07927227317
20180903,1445.0165368980945
20180904,1443.9906545146057
20180905,1440.4319194800532
20180906,1440.9101912034605
20180907,1439.266571478533
20180910,1438.6644602030983
20180911,1430.7117461232303
20180912,1431.8851259190103
20180913,1431.9360514514071
20180914,1432.02832914765
20180917,1432.6003244975343
20180918,1433.6361842774384
20180919,1433.0688243177783
20180920,1430.5851495632555
20180921,1436.043464330844
20180925,1435.2988532236682
20180926,1439.043545946396
20180927,1440.5880209955264
20180928,1443.1175082415416
20181008,1440.553692527414
20181009,1444.0171947642043
20181010,1445.6426292824335
20181011,1441.4542678871694
20181012,1442.4463442259112
20181015,1440.476459162673
20181016,1438.3412881594058
20181017,1440.5805080898522
20181018,1439.604431950051
20181019,1438.3285227475906
20181022,1439.124221053771
20181023,1439.9668245526768
20181024,1442.970722587689
20181025,1441.250837146909
20181026,1441.8338695084644
20181029,1439.8891543800237
20181030,1438.1450196276608
20181031,1437.9303695641645
20181101,1435.779262875043
20181102,1429.682252893905
20181105,1431.904091796931
20181106,1431.2610790395065
20181107,1432.1141236381193
20181108,1433.4826523773586
20181109,1431.2241177039605
20181112,1429.443675760731
20181113,1431.453965697038
20181114,1433.7274533695502
20181115,1434.1647259774415
20181116,1439.9123345414405
20181119,1438.72236266622
20181120,1433.593114130903
20181121,1434.6766909345788
20181122,1433.122465503682
20181123,1427.4260087855698
20181126,1420.7330363151138
20181127,1421.7689006678636
20181128,1425.4302911681032
20181129,1426.441448187104
20181130,1424.7997536110431
20181203,1430.3421540793731
20181204,1433.0908907296307
20181205,1435.334624866368
20181206,1432.463474878692
20181207,1433.0779030194192
20181210,1431.112039678537
20181211,1430.996934019346
20181212,1432.3962989647223
20181213,1431.6203561847904
20181214,1429.3902223316893
20181217,1427.449519862847
20181218,1426.6861068373896
20181219,1427.1881168421685
20181220,1429.0631544195396
20181221,1427.4730531237203
20181224,1424.8204359611468
20181225,1423.7456139597602
20181226,1424.7690470543337
20181227,1424.8590991769734
20181228,1427.3117075899306
20190102,1428.283523522107
20190103,1430.3946884378668
20190104,1432.557284935147
20190107,1434.4006806895302
20190108,1439.083507290359
20190109,1440.2458824973703
20190110,1438.0279401579803
20190111,1439.343409836268
20190114,1437.466783363248
20190115,1438.9995349604935
20190116,1443.7686435969056
20190117,1444.7187762552371
20190118,1447.5670205652532
20190121,1448.441960195241
20190122,1447.8604779126017
20190123,1446.0003682252116
20190124,1447.3362052570556
20190125,1448.5141686594873
20190128,1447.089569003645
20190129,1448.8217656460786
20190130,1449.2342820117751
20190131,1452.7345485089118
20190201,1455.4385858723192
20190211,1461.908884946904
20190212,1461.9608000039143
20190213,1460.4860028967703
20190214,1458.3783811712356
20190215,1455.1079917954305
20190218,1458.3905256741853
20190219,1458.9250405397097
20190220,1460.636869369494
20190221,1460.96016351331
20190222,1463.1692791034911
20190225,1468.549918591098
20190226,1464.7424212678811
20190227,1464.935238712909
20190228,1464.3460015511494
20190301,1468.2435661033703
20190304,1472.4341163263614
20190305,1474.055286597962
20190306,1474.984112078874
20190307,1480.0138885639092
20190308,1475.912435133223
20190311,1475.9264982947348
20190312,1479.9845750384625
20190313,1478.946930545216
20190314,1475.9460560489624
20190315,1477.09904241953
20190318,1479.7139406049089
20190319,1479.0439661530727
20190320,1477.506613046812
20190321,1480.3929038548308
20190322,1481.7019865651614
20190325,1479.7482115505368
20190326,1477.9955475810425
20190327,1478.8831871455825
20190328,1478.3687415189424
20190329,1484.3898884969317
20190401,1484.8049566455495
20190402,1485.073320663903
20190403,1482.5524272455295
20190404,1482.1878332048443
20190408,1484.626584451114
20190409,1482.9629642728542
20190410,1484.0937202186506
20190411,1485.0058170113748
20190412,1483.0995483167762
20190415,1480.3293850975328
20190416,1479.136146680498
20190417,1481.2920411106802
20190418,1479.4388160874194
20190419,1481.667378898259
20190422,1479.5019781266317
20190423,1479.8698350590212
20190424,1475.4215554285538
20190425,1476.8502123093008
20190426,1477.6765799213729
20190429,1476.2139321568604
20190430,1481.2034565714662
20190506,1473.821363465115
20190507,1475.7360416830893
20190508,1473.0989027864928
20190509,1471.7920699114286
20190510,1474.214599055768
20190513,1475.2925511757492
20190514,1471.8868277899942
20190515,1473.7196257138164
20190516,1474.6255762732214
20190517,1474.1866434511453
20190520,1473.908592702648
20190521,1473.406182636505
20190522,1471.8018831722204
20190523,1471.5882387223278
20190524,1471.571082666545
20190527,1466.1844527062349
20190528,1469.4231657577932
20190529,1471.9862234222117
20190530,1471.94930122999
20190531,1470.638647828143
20190603,1471.2669191198656
20190604,1471.7214329549276
20190605,1472.3907713028389
20190606,1471.439935542195
20190610,1472.7064852858089
20190611,1476.4252340937437
20190612,1473.9385191731328
20190613,1477.1235345849295
20190614,1477.0734172046512
20190617,1477.7041469295464
20190618,1477.542987646684
20190619,1482.342120593374
20190620,1488.0715473174316
20190621,1489.6144773546082
20190624,1491.587032373599
20190625,1492.1498113419411
20190626,1493.279261155212
20190627,1493.1544552969924
20190628,1496.2061613545004
20190701,1504.451514087709
20190702,1507.9953417564957
20190703,1507.3357471283882
20190704,1504.5364734854656
20190705,1501.2813548643871
20190708,1497.221970055888
20190709,1498.3107372102072
20190710,1499.0754590735858
20190711,1499.4561656153323
20190712,1499.4673508338958
20190715,1499.830998732713
20190716,1499.626566050336
20190717,1500.6369124777427
20190718,1501.6241795217202
20190719,1502.238240207936
20190722,1500.822999402622
20190723,1500.2134291325706
20190724,1499.2617100207688
20190725,1500.6332014188
20190726,1501.4923122377309
20190729,1498.8159382388192
20190730,1501.094094469649
20190731,1502.2613943253334
20190801,1500.8906278205218
20190802,1500.9683708156788
20190805,1501.4917500588713
20190806,1499.3907978997486
20190807,1497.8771120398285
20190808,1498.041222211166
20190809,1498.404748009373
20190812,1501.2699523832798
20190813,1502.1261184934365
20190814,1502.1809131513428
20190815,1501.9542627463873
20190816,1499.9423303392923
20190819,1504.072801947707
20190820,1503.5050161524407
20190821,1500.3032556315884
20190822,1502.2521209152735
20190823,1504.327064524204
20190826,1501.5174918828543
20190827,1501.1181277125693
20190828,1502.247519568458
20190829,1504.2840420709767
20190830,1501.5488943452483
20190902,1502.687533437189
20190903,1502.6903303281267
20190904,1506.267269546478
20190905,1512.3256152922052
20190906,1512.374533539149
20190909,1514.9704392835054
20190910,1512.382979455244
20190911,1511.109064501885
20190912,1511.1208028615315
20190916,1511.5213301956455
20190917,1507.3590826684433
20190918,1505.2605380712737
20190919,1505.050366238375
20190920,1505.4837418740206
20190923,1506.218550000741
20190924,1505.7542047728095
20190925,1506.9543610893816
20190926,1503.5037380470317
20190927,1501.773941790499
20190930,1502.5623102419204
20191008,1505.1247522883646
20191009,1506.6593536638886
20191010,1506.5521414744458
20191011,1505.7562446399204
20191014,1506.384452867371
20191015,1505.9812815656237
20191016,1503.500242732314
20191017,1505.640581104261
20191018,1501.7042706389973
20191021,1500.8693500350896
20191022,1500.6234080369477
20191023,1500.686590120918
20191024,1501.3718953940324
20191025,1501.841365343484
20191028,1499.1945588228268
20191029,1499.3316560759129
20191030,1494.2092656786213
20191031,1497.7877877759602
20191101,1501.8180026737089
20191104,1501.6053218690183
20191105,1506.8309310294335
20191106,1506.056667329148
20191107,1503.7260434245743
20191108,1501.6973492945642
20191111,1501.4175970336205
20191112,1501.7128886428134
20191113,1502.590397951596
20191114,1504.1149479763633
20191115,1504.6522549146648
20191118,1508.722080364294
20191119,1512.7471860162384
20191120,1513.0596367197554
20191121,1511.254730199233
20191122,1510.338261732764
20191125,1510.3140466716932
20191126,1510.6547639385203
20191127,1510.1838816362356
20191128,1512.392384533891
20191129,1512.1704683165729
20191202,1509.4928084299409
20191203,1509.1598803265713
20191204,1508.8547283335663
20191205,1511.435371609738
20191206,1510.128333588514
20191209,1513.6115046507923
20191210,1516.089551115805
20191211,1518.7159492750284
20191212,1518.316704930653
20191213,1519.7857995366703
20191216,1520.2110032431426
20191217,1520.5070424791998
20191218,1519.5061863065405
20191219,1521.704651370486
20191220,1524.010056828385
20191223,1522.8232542373562
20191224,1524.0880613909749
20191225,1523.2856876546296
20191226,1528.124110503909
20191227,1529.0748065320342
20191230,1531.452435851266
20191231,1532.6492049397466
20200102,1532.5768353834817
20200103,1532.1568914191164
20200106,1536.6544563954965
20200107,1535.7786578586722
20200108,1537.0019625507723
20200109,1539.0000148159645
20200110,1544.34049167546
20200113,1542.7838650084518
20200114,1541.0110011976867
20200115,1540.4767585476827
20200116,1540.3927221816086
20200117,1543.4415571012066
20200120,1548.854240136932
20200121,1546.8251089613543
20200122,1548.2229846406738
20200123,1545.235187957944
20200203,1535.361210507253
20200204,1541.2339490123409
20200205,1544.0936541883289
20200206,1549.402801466405
20200207,1553.385089913481
20200210,1552.4646860968364
20200211,1549.5447566517953
20200212,1549.4725086164822
20200213,1549.6616449861624
20200214,1545.3410113121274
20200217,1543.5018768583343
20200218,1545.1770123143654
20200219,1544.8767625132502
20200220,1542.7234991876892
20200221,1546.7509941030569
20200224,1549.23544568007
20200225,1548.1655302403788
20200226,1546.3565056874286
20200227,1548.885489382526
20200228,1547.7184636373922
20200302,1549.236939090535
20200303,1548.101743358926
20200304,1554.151251153024
20200305,1557.5983722899402
20200306,1558.8323669428091
20200309,1556.6267551062476
20200310,1551.4520685526231
20200311,1552.8764039963048
20200312,1548.930168297238
20200313,1540.6904257806957
20200316,1533.1085033021702
20200317,1526.6607482677225
20200318,1528.169351207885
20200319,1523.4023511669066
20200320,1526.6452227378352
20200323,1530.8586220801972
20200324,1533.2415689463182
20200325,1534.6905440890102
20200326,1537.265316569374
20200327,1534.7514478322862
20200330,1536.92897438535
20200331,1539.4788468235483
20200401,1541.1370307204045
20200402,1538.495825849929
20200403,1536.5564606964008
20200407,1549.0088614977856
20200408,1552.2799115469095
20200409,1551.1273466545963
20200410,1547.9394066902182
20200413,1549.3877248554024
20200414,1550.6722183472368
20200415,1553.7174330575642
20200416,1553.417071009549
20200417,1553.1090372445242
20200420,1550.9838770582114
20200421,1550.6491800907042
20200422,1554.3949063900318
20200423,1557.9501014846994
20200424,1557.028936952331
20200427,1557.9940284093575
20200428,1558.8824836193685
20200429,1561.2364173233457
20200430,1561.8879644798153
20200506,1561.1633058929613
20200507,1557.4975330815646
20200508,1559.0443726142591
20200511,1555.2254550827356
20200512,1556.0401965281958
20200513,1555.4228055418378
20200514,1553.1088034965892
20200515,1555.2205787296284
20200518,1553.999159453171
20200519,1555.571836285459
20200520,1555.0485100092812
20200521,1555.2546733620788
20200522,1554.2433825450678
20200525,1552.4412722067857
20200526,1550.720159508592
20200527,1548.9231915718822
20200528,1552.3793532312438
20200529,1552.3995733095785
20200601,1554.6997096203734
20200602,1552.7049549716874
20200603,1553.6045035480597
20200604,1551.633499634656
20200605,1551.231197602417
20200608,1554.262424996425
20200609,1555.5901002829237
20200610,1553.565509093896
20200611,1554.0991647096644
20200612,1557.0567169134288
20200615,1556.0986601734296
20200616,1555.6419589981656
20200617,1555.1099565029292
20200618,1557.3560491598755
20200619,1560.0935586571827
20200622,1559.381669083721
20200623,1558.7146301524112
20200624,1562.3163345198952
20200629,1558.8068159661716
20200630,1561.312262860439
20200701,1563.8934971572646
20200702,1568.9945934677748
20200703,1572.3251008684135
20200706,1579.1108918043656
20200707,1579.716140732438
20200708,1580.9956778203198
20200709,1583.251000594881
20200710,1582.6596037465677
20200713,1586.8493601346154
20200714,1586.396435399693
20200715,1587.640110967072
20200716,1580.9670681166606
20200717,1583.559199842028
20200720,1589.383849825883
20200721,1591.92927819299
20200722,1595.3479897242266
20200723,1595.5692392388844
20200724,1588.655142621914
20200727,1588.3883741965867
20200728,1588.106533305441
20200729,1592.4038154281664
20200730,1593.0331784876448
20200731,1592.6643571784073
20200803,1598.7261801227444
20200804,1600.8831017456357
20200805,1599.3071395224888
20200806,1599.6160193353835
20200807,1597.599115929522
20200810,1597.5560858046415
20200811,1595.3419051472647
20200812,1593.3019484207298
20200813,1595.7823198461838
20200814,1597.7853762249142
20200817,1602.0259018926254
20200818,1602.0460116793115
20200819,1600.3149430243952
20200820,1596.2767382206016
20200821,1598.051065211959
20200824,1598.3709276953955
20200825,1594.9747595208328
20200826,1594.348453237801
20200827,1594.776537642754
20200828,1597.890514297806
20200831,1600.0706469281704
20200901,1600.1371771276288
20200902,1598.6696618110122
20200903,1597.6280988522262
20200904,1595.3045174226952
20200907,1592.8485414336103
20200908,1595.720221061291
20200909,1593.33083484307
20200910,1593.5715118605683
20200911,1592.763643261529
20200914,1593.4920732626324
20200915,1595.4460418622334
20200916,1594.426947616842
20200917,1595.006678238211
20200918,1599.498913192518
20200921,1601.1598337222877
20200922,1598.9365806919243
20200923,1596.791916503012
20200924,1593.343640726163
20200925,1591.8794350101605
20200928,1592.7561611159117
20200929,1592.1680036768591
20200930,1588.517814929269
20201009,1593.6389439052475
20201012,1599.6237708091128
20201013,1598.8385754913263
20201014,1597.1256317150876
20201015,1595.0748790159516
20201016,1595.1569304734176
20201019,1593.8215928911895
20201020,1596.043701089902
20201021,1597.3238225803573
20201022,1600.1617833644714
20201023,1597.351455063372
20201026,1597.0957734506044
20201027,1598.952955444887
20201028,1600.7639189743948
20201029,1601.894761072247
20201030,1599.9949442045531
20201102,1601.4263711481203
20201103,1604.9485042231536
20201104,1607.8442654632
20201105,1608.7999821872197
20201106,1607.6980233102413
20201109,1609.531340103141
20201110,1609.8212187124966
20201111,1611.1107964809364
20201112,1611.0322971472096
20201113,1608.4554416225023
20201116,1609.8269542691548
20201117,1610.958507994915
20201118,1610.577108260542
20201119,1612.658303306071
20201120,1614.4900383982813
20201123,1616.3951902099934
20201124,1615.0193584842584
20201125,1615.179588002168
20201126,1615.1715791222518
20201127,1617.9634182806656
20201130,1622.4125013305488
20201201,1624.3978492265226
20201202,1624.51894726585
20201203,1620.5002585055563
20201204,1624.0511815477223
20201207,1623.0675318419007
20201208,1623.7826047047668
20201209,1622.2248149409909
20201210,1625.7394323518918
20201211,1620.7166301489422
20201214,1622.783178846562
20201215,1625.9470295124345
20201216,1628.8840483643569
20201217,1631.2988302447127
20201218,1634.2317644202622
20201221,1638.422563653313
20201222,1633.3665187911697
20201223,1633.4410946578282
20201224,1634.7569466692207
20201225,1639.6940503076714
20201228,1635.010043134934
20201229,1633.9860841652749
20201230,1638.8509155393117
20201231,1642.9787081436716
20210104,1644.8542290174114
20210105,1648.3830794632877
20210106,1650.4304407016875
20210107,1654.6211032042522
20210108,1653.2490300856562
20210111,1647.3703120774678
20210112,1650.760043310886
20210113,1651.2964212872216
20210114,1649.1339986501994
20210115,1645.542915672034
20210118,1646.962647096652
20210119,1644.270674113696
20210120,1644.3820788168764
20210121,1650.0191823788866
20210122,1649.3561749811993
20210125,1651.0727370804743
20210126,1644.3126536070376
20210127,1646.8141976597262
20210128,1641.3419917252438
20210129,1640.6180228630126
20210201,1644.25941659795
20210202,1642.488901926956
20210203,1637.8909061595953
20210204,1638.0324799981038
20210205,1640.256134741438
20210208,1642.348082868258
20210209,1648.3502675063537
20210210,1648.6666637020455
20210218,1655.1701206359671
20210219,1660.963121968828
20210222,1660.3187278964676
20210223,1660.2410725951477
20210224,1658.0186020715491
20210225,1660.357159877405
20210226,1655.0812497741822
20210301,1658.2636379851992
20210302,1656.324326743672
20210303,1659.9726328793
20210304,1655.8030384723115
20210305,1659.2050085066676
20210308,1660.3788272012744
20210309,1652.5784631397376
20210310,1654.2987896629484
20210311,1654.556285169284
20210312,1654.1742820537702
20210315,1650.6981220268835
20210316,1651.5757619121796
20210317,1652.1367397568883
20210318,1649.661001928225
20210319,1650.2465131183194
20210322,1652.2904961125107
20210323,1655.0248552961014
20210324,1658.042602272416
20210325,1657.874876579835
20210326,1655.2246079089985
20210329,1653.4489840997312
20210330,1654.7365862570248
20210331,1652.862371618521
20210401,1657.1759324813015
20210402,1660.2323056215978
20210406,1660.0416525682404
20210407,1657.8833169328252
20210408,1656.687329743189
20210409,1654.2943735122358
20210412,1652.7634087768415
20210413,1656.470293381599
20210414,1659.1945008988382
20210415,1658.5604917372304
20210416,1662.6817241433305
20210419,1667.2351781707073
20210420,1667.83487205332
20210421,1668.4375812026328
20210422,1668.2876765792344
20210423,1671.630639961524
20210426,1666.9311992571295
20210427,1667.7308201045328
20210428,1668.0216275795658
20210429,1670.7394232509178
20210430,1670.9230006683692
20210506,1676.143554549499
20210507,1675.9690337174752
20210510,1677.2392056733877
20210511,1679.480680649934
20210512,1683.1594855044618
20210513,1677.68576585615
20210514,1680.7077279530215
20210517,1681.7310261712896
20210518,1683.4662110417764
20210519,1683.125660296465
20210520,1683.0584131871265
20210521,1679.943364103023
20210524,1677.3993136702393
20210525,1684.0539609488628
20210526,1686.2948358846202
20210527,1683.8034863552414
20210528,1683.0751253884075
20210531,1686.0775019620846
20210601,1688.2032212728714
20210602,1683.886167442667
20210603,1685.0332143435144
20210604,1681.481628484361
20210607,1678.3787212576192
20210608,1675.4445887571665
20210609,1676.0302054411484
20210610,1680.0611092502493
20210611,1675.191632861843
20210615,1672.1669166559368
20210616,1668.2512217399194
20210617,1666.602785166751
20210618,1667.255764329322
20210621,1670.799326743313
20210622,1673.2241228036892
20210623,1677.4144545404304
20210624,1676.9860779845776
20210625,1681.1712824438564
20210628,1679.665254143387
20210629,1679.0863537832945
20210630,1682.9446760636367
20210701,1682.4768073623802
20210702,1682.6306332868462
20210705,1683.505246688517
20210706,1682.6550983584457
20210707,1685.9005464521106
20210708,1691.3056620874495
20210709,1690.3774494373372
20210712,1698.8535308151854
20210713,1701.2246447381103
20210714,1704.218517892316
20210715,1700.8971958803154
20210716,1702.872529222086
20210719,1703.7919615449666
20210720,1704.9390930773775
20210721,1707.782904939361
20210722,1707.0486488088816
20210723,1708.923961614753
20210726,1707.4435118430106
20210727,1702.1127526871685
20210728,1697.8365659912338
20210729,1702.525513560758
20210730,1706.7406300526225
20210802,1711.5084063520285
20210803,1708.1978110181371
20210804,1709.5399802802629
20210805,1711.873732170715
20210806,1711.9269044267598
20210809,1706.1611315784576
20210810,1709.003113429619
20210811,1709.0885285167142
20210812,1710.4385296827306
20210813,1707.9117067068012
20210816,1707.350880408951
20210817,1706.954236768654
20210818,1710.773777525451
20210819,1709.9967755388193
20210820,1705.4569712160912
20210823,1706.2521749818502
20210824,1710.6643314663092
20210825,1714.5226757521018
20210826,1708.1296889982166
20210827,1711.7881411340634
20210830,1713.4092353932026
20210831,1713.2586495884725
20210901,1718.617382240511
20210902,1718.7419498675763
20210903,1720.3875596524358
20210906,1721.7777007577104
20210907,1724.609966690878
20210908,1723.3110795664393
20210909,1723.3579734249151
20210910,1723.7526463873935
20210913,1722.0491304966322
20210914,1719.4745591363178
20210915,1718.7572067920785
20210916,1718.6953844683158
20210917,1718.500619772136
20210922,1724.1095208902311
20210923,1730.232537198974
20210924,1728.9283497220415
20210927,1728.2818521367806
20210928,1731.5225044546405
20210929,1729.7260009245074
20210930,1733.297931053214
20211008,1736.6240082249308
20211011,1736.705199835691
20211012,1732.674147601556
20211013,1730.3001596867057
20211014,1728.9978878640563
20211015,1730.9270733639248
20211018,1722.860301464279
20211019,1726.4948584476615
20211020,1724.567178032746
20211021,1726.4977095204172
20211022,1724.4742915996435
20211025,1725.8593340236848
20211026,1726.418710745382
20211027,1720.3138806051354
20211028,1719.7362286824032
20211029,1721.8562047558596
20211101,1724.6644127088248
20211102,1725.894403177933
20211103,1725.828583942368
20211104,1724.9847787642725
20211105,1729.0648632784082
20211108,1728.895714602234
20211109,1728.7965176522282
20211110,1726.807540403348
20211111,1727.7856621227186
20211112,1728.069321276299
20211115,1729.1361023665518
20211116,1728.185023458655
20211117,1726.601724055074
20211118,1727.2778388012457
20211119,1727.1806471277785
20211122,1730.7639216315472
20211123,1730.1454399917077
20211124,1735.4924198751935
20211125,1735.3802358028247
20211126,1735.4970970755217
20211129,1732.969319577581
20211130,1727.5013487114925
20211201,1728.5518423633932
20211202,1725.3057337231637
20211203,1726.2604338217918
20211206,1732.5351420067484
20211207,1728.7483182416297
20211208,1728.8387390377382
20211209,1731.9044176116513
20211210,1733.3450787902336
20211213,1733.4810182971175
20211214,1735.5664987208106
20211215,1733.69639368127
20211216,1733.385992350425
20211217,1734.344797044327
20211220,1728.143172196077
20211221,1731.0388540670249
20211222,1734.9772679569028
20211223,1739.642265084238
20211224,1739.077897159842
20211227,1739.8622453999628
20211228,1742.29516084246
20211229,1741.2179108511448
20211230,1746.6184826162505
20211231,1746.3704690330208
20220104,1745.0255788799884
20220105,1742.2163817018677
20220106,1737.6592023391308
20220107,1738.6487810020028
20220110,1742.883838293811
20220111,1743.382218236321
20220112,1745.7148732158291
20220113,1743.379461034983
20220114,1741.4271926213808
20220117,1744.61422082287
20220118,1753.2156341965174
20220119,1756.59724215211
20220120,1760.0622465872775
20220121,1761.5553201464631
20220124,1764.3612951386986
20220125,1756.0066425802424
20220126,1753.4038548073488
20220127,1750.3355808581334
20220128,1751.3447708140727
20220207,1755.2874099505016
20220208,1754.251701252653
20220209,1754.0247879595577
20220210,1754.5505857837784
20220211,1744.9297181545128
20220214,1741.7746688972309
20220215,1743.9987375236738
20220216,1742.8508204440834
20220217,1745.2334705942862
20220218,1745.2061320273024
20220221,1741.1244931558042
20220222,1738.2840763961285
20220223,1743.879498437548
20220224,1743.1567570059722
20220225,1743.6221248706968
20220228,1745.2901533051888
20220301,1746.0556344701763
20220302,1746.704121147593
20220303,1744.7677621784628
20220304,1741.9869408179495
20220307,1742.9664497443732
20220308,1743.0717400658268
20220309,1734.0819291259695
20220310,1730.374296988119
20220311,1736.3152369318384
20220314,1735.5501621666124
20220315,1715.735304815002
20220316,1727.6797152042104
20220317,1728.989701079888
20220318,1736.4693082200215
20220321,1732.8550441148288
20220322,1731.3083931685528
20220323,1733.4657745605734
20220324,1737.646826272377
20220325,1738.8452514719363
20220328,1736.8271531360908
20220329,1736.4115804770163
20220330,1738.9163895721997
20220331,1736.4055253139938
20220401,1736.9426304277824
20220406,1740.437790044928
20220407,1739.7844307812234
20220408,1739.0855127892685
20220411,1732.8842032437371
20220412,1735.9720981649352
20220413,1738.0790697041114
20220414,1742.469309403824
20220415,1743.813241285647
20220418,1737.457959197401
20220419,1736.584720806847
20220420,1733.6555100299388
20220421,1732.930242137218
20220422,1731.4657187910752
20220425,1726.5245156922826
20220426,1725.8609115181694
20220427,1728.5737606886405
20220428,1730.5072515372815
20220429,1736.6208475155188
20220505,1738.5131769087232
20220506,1736.3295649263107
20220509,1736.693442747541
20220510,1735.35812281399
20220511,1734.0664084112184
20220512,1735.322382317798
20220513,1735.8084948426751
20220516,1734.3277634001934
20220517,1735.9625734197632
20220518,1736.73904423428
20220519,1737.9081039232226
20220520,1737.3385447655255
20220523,1739.0552542016633
20220524,1737.454790972126
20220525,1738.820278023366
20220526,1743.0215324430417
20220527,1745.4592307711146
20220530,1743.7399373144865
20220531,1743.9835588637186
20220601,1742.087556576742
20220602,1742.1251685932052
20220606,1742.772851998811
20220607,1744.2730402628608
20220608,1746.6423765332686
20220609,1746.2544329817358
20220610,1747.4531993283117
20220613,1743.5314383854038
20220614,1743.1997331955447
20220615,1742.235707118091
20220616,1740.4679447849696
20220617,1742.1975366674594
20220620,1737.7988683556378
20220621,1734.8556248458233
20220622,1731.6441633910154
20220623,1734.222979021734
20220624,1730.3200733978776
20220627,1729.7943721169645
20220628,1732.9509540993029
20220629,1732.5982976777657
20220630,1736.621422747744
20220701,1734.8391189341678
20220704,1731.2988468586625
20220705,1731.964749071285
20220706,1732.020213006709
20220707,1732.461638943004
20220708,1731.9981802333316
20220711,1733.2238997114232
20220712,1733.7329114851736
20220713,1734.5388494467966
20220714,1736.5080161702138
20220715,1736.4000616472024
20220718,1737.54571103197
20220719,1737.0343079188456
20220720,1739.1668085726026
20220721,1740.234952180951
20220722,1738.7857989737122
20220725,1738.491223871647
20220726,1741.375007269717
20220727,1740.5539268301177
20220728,1738.0027098924816
20220729,1741.109451216073
20220801,1743.9292080597322
20220802,1742.6962542883325
20220803,1742.8072859944336
20220804,1741.7245806857836
20220805,1742.593017890869
20220808,1743.870785942735
20220809,1743.4682536365551
20220810,1743.2674539754996
20220811,1747.9791901245878
20220812,1748.9809698681008
20220815,1756.2778577243598
20220816,1755.88438224289
20220817,1756.107000895557
20220818,1755.470165266097
20220819,1752.8780890005085
20220822,1753.1468033274075
20220823,1753.308428620988
20220824,1752.360434310035
20220825,1750.977690606617
20220826,1750.6709831161584
20220829,1751.4743895801932
20220830,1751.0936696431777
20220831,1749.6162071547942
20220901,1749.6147086256133
20220902,1748.2490786857627
20220905,1749.97427390856
20220906,1750.942972149756
20220907,1748.3311511432828
20220908,1746.703167886454
20220909,1747.8580955729612
20220913,1750.2990897893235
20220914,1746.9335749205131
20220915,1744.2449742646647
20220916,1740.198151721347
20220919,1739.470380157043
20220920,1740.9657062054123
20220921,1741.9399316360625
20220922,1741.9212036471824
20220923,1736.9917830576271
20220926,1731.1736697677663
20220927,1734.5999189003924
20220928,1731.6946841884055
20220929,1730.5211301851225
20220930,1730.8974469153743
20221010,1732.1108388573298
20221011,1730.6018503012942
20221012,1734.925851238212
20221013,1734.4183419573417
20221014,1741.2458419674774
20221017,1739.606284820651
20221018,1740.0535299378032
20221019,1737.8812485732171
20221020,1733.7005268899834
20221021,1731.3967498316538
20221024,1729.4664089960772
20221025,1727.827646637846
20221026,1731.0351576248415
20221027,1733.3988574978082
20221028,1729.066875472122
20221031,1728.2413853974329
20221101,1734.5151010008933
20221102,1735.6439448647352
20221103,1733.993891972884
20221104,1737.6965050098963
20221107,1737.959629022977
20221108,1738.037765998926
20221109,1737.090945155485
20221110,1736.742976288419
20221111,1737.9231784672809
20221114,1727.5094994441426
20221115,1729.8398266674556
20221116,1722.8465139530108
20221117,1727.5723235239295
20221118,1725.346575847561
20221121,1724.715104551688
20221122,1724.964416531876
20221123,1730.7216968179769
20221124,1733.647691684048
20221125,1729.778005371424
20221128,1722.3148435287071
20221129,1723.9501972219882
20221130,1725.6259109986722
20221201,1730.459698207619
20221202,1732.523820717424
20221205,1732.9598472433656
20221206,1730.2256892966068
20221207,1731.2877559306885
20221208,1736.8908272883468
20221209,1737.716078987431
20221212,1734.457094947135
20221213,1733.31606506759
20221214,1738.14166061709
20221215,1738.9156649433903
20221216,1739.2759920585322
20221219,1735.9711906446553
20221220,1733.6813597013472
20221221,1735.9525336795252
20221222,1735.9303380916165
20221223,1737.0007981257872
20221226,1738.5444621134786
20221227,1738.9921648172528
20221228,1738.986280905758
20221229,1740.1350820277296
20221230,1742.6944778462305
20230103,1744.7887345911602
20230104,1745.068920427574
20230105,1746.3447186122976
20230106,1745.6141103978016
20230109,1745.4072259133802
20230110,1741.6496316860278
20230111,1743.888554220546
20230112,1746.895702814082
20230113,1748.6468698306592
20230116,1746.9305575780224
20230117,1746.931110381364
20230118,1749.512342515074
20230119,1748.9370507603617
20230120,1749.6575473378027
20230130,1754.398802144214
20230131,1756.9828648046705
20230201,1757.6544683180605
20230202,1758.1154881005318
20230203,1757.021076682702
20230206,1754.6134841132653
20230207,1755.233637001474
20230208,1753.7539573316708
20230209,1757.0315339575911
20230210,1753.7800098709397
20230213,1756.039661169574
20230214,1756.66326358346
20230215,1754.0170292422858
20230216,1754.6200944189163
20230217,1751.3856582961337
20230220,1750.979286224248
20230221,1752.1141528197993
20230222,1752.572683822683
20230223,1751.235958105272
20230224,1750.485681911941
20230227,1748.4536973762542
20230228,1750.2630558405224
20230301,1753.6333522685034
20230302,1752.3835464182955
20230303,1754.16261491965
20230306,1755.56211893384
20230307,1755.13676578852
20230308,1752.9238150352871
20230309,1753.4171869802683
20230310,1750.1663165665284
20230313,1751.021900911186
20230314,1749.718550450072
20230315,1747.1862336711422
20230316,1743.951563636815
20230317,1744.5995229421512
20230320,1741.8417547236595
20230321,1741.480835247746
20230322,1742.7613814611916
20230323,1742.5073148602444
20230324,1741.4353766314873
20230327,1743.5427048726142
20230328,1744.4814711008003
20230329,1743.4989948905368
20230330,1744.0341810026198
